id,nb_blocks,nb_instructions,reuse,distance
0,1,9,1,0
1,1,5,766,4695073
2,2,26,622,4695073
3,12,108,1,0
4,1,5,89,4648170
5,2,14,89,4648170
6,7,51,87,4648170
7,6,27,83,4648170
8,1,6,765,4694817
9,1,14,992,4694817
10,3,30,83,4648170
11,4,20,83,4648170
12,1,8,87,4648170
13,5,38,93,4648170
14,22,140,95,4648170
15,1,9,98,4648170
16,4,14,95,4648170
17,2,5,95,4648170
18,3,32,89,4648170
19,2,14,4,3894862
20,7,61,4,3894862
21,4,34,4,3894862
22,16,124,4,3894862
23,7,35,4,3894862
24,1,11,5,3894862
25,2,9,5,3894862
26,7,47,3,3894862
27,3,26,34,4684378
28,10,55,32,4684378
29,8,43,29,4684378
30,8,48,34,4684378
31,3,21,7,3894862
32,4,30,8,3894862
33,6,46,8,3894862
34,2,27,221,4690646
35,1,5,219,4690646
36,5,28,93,4647744
37,3,20,93,4647744
38,3,21,93,4647744
39,2,16,93,4647744
40,11,54,8,3894862
41,9,78,91,4647755
42,17,101,5,18826
43,5,34,7,18826
44,5,34,7,18826
45,8,48,9,3644991
46,13,68,3,1653
47,5,34,4,16041
48,5,34,4,16041
49,6,36,8,3644979
50,10,39,7,4495998
51,2,16,21,4497793
52,4,22,93,4647486
53,4,28,93,4647486
54,7,52,93,4647486
55,6,30,93,4647486
56,9,41,93,4647486
57,8,40,93,4647486
58,5,36,265,4648588
59,5,31,259,4648588
60,5,30,258,4648588
61,1,16,258,4648588
62,8,62,172,4648037
63,17,102,2,820
64,11,41,7,4496062
65,15,114,172,4647768
66,1,11,354,4690829
67,15,73,172,4647768
68,11,40,7,4496139
69,9,71,1,0
70,1,13,93,4646926
71,1,12,93,4646926
72,8,67,86,4646926
73,4,22,91,4646926
74,6,41,1,0
75,1,12,93,4646924
76,2,17,8,3894144
77,2,10,8,3894144
78,3,22,34,4681823
79,1,8,8,3894144
80,1,7,3,3894144
81,14,83,1,0
82,8,37,1,0
83,5,29,2,2996874
84,6,44,1,0
85,8,40,2,2996899
86,5,46,1,0
87,2,13,1,0
88,3,25,2,2997107
89,5,43,2,2997107
90,2,20,5,2999298
91,3,25,2,2997107
92,5,25,2,2997107
93,9,41,2,2997107
94,7,30,2,2997107
95,11,39,1,0
96,2,25,2,2997183
97,6,33,2,2997183
98,1,8,2,2997183
99,4,38,2,2997183
100,3,27,2,2997183
101,6,45,2,2997183
102,2,9,2,2997135
103,1,8,1,0
104,3,26,2,2998632
105,2,18,2,2998632
106,3,49,2,2998632
107,10,71,1,0
108,8,63,1,0
109,2,19,1,0
110,1,12,2,2998793
111,7,41,2,2998793
112,1,9,2,2998793
113,4,32,2,2998793
114,1,8,2,2998793
115,8,65,1,0
116,1,10,2,2998783
117,21,115,1,0
118,1,15,3,3907637
119,1,13,5,3907637
120,7,43,2,2998817
121,5,39,4,3892637
122,10,65,4,3892637
123,2,13,4,3892637
124,13,67,4,3892637
125,2,14,6,3907507
126,1,26,6,3907507
127,2,14,6,3907507
128,1,9,6,3907507
129,2,20,4,3892637
130,1,9,4,3892637
131,2,6,89,4645052
132,1,15,95,4645052
133,1,13,89,4645052
134,1,9,95,4645052
135,2,11,95,4645052
136,1,3,234,4680622
137,2,14,93,4645052
138,9,54,2,2998817
139,4,20,2,2998817
140,13,145,1,0
141,4,30,2,2689
142,3,24,2,2689
143,11,66,85,4642113
144,16,89,85,4642113
145,6,48,85,4642113
146,14,65,85,4642113
147,8,50,3,3889208
148,14,74,13,3893539
149,5,22,271,4685046
150,10,41,2,3892661
151,2,21,4,3892661
152,19,120,2,3892661
153,6,24,518,4685575
154,16,127,4,3893012
155,18,115,2,3892661
156,9,50,2,3892661
157,7,55,5,3892661
158,3,18,8,3892661
159,5,26,85,4642414
160,2,7,85,4642414
161,2,17,85,4642414
162,1,13,85,4642414
163,1,6,85,4642414
164,2,14,85,4642414
165,1,13,2,3301
166,7,55,2,3301
167,2,12,95,4642423
168,1,5,95,4642423
169,8,49,6,3237460
170,1,5,89,4642440
171,1,7,89,4642440
172,1,8,95,4642440
173,1,7,95,4642440
174,13,126,1,0
175,9,87,6,63669
176,10,43,1,0
177,21,146,1,0
178,1,7,3,142952
179,17,100,3,142952
180,11,58,3,142952
181,9,44,3,142952
182,2,15,3,142952
183,10,42,2,142898
184,3,22,3,2999949
185,7,45,4,142898
186,1,12,3,143042
187,1,17,3,143042
188,2,12,1,0
189,1,9,1,0
190,2,17,1,0
191,5,21,1,0
192,6,44,1,0
193,8,32,6,61939
194,5,47,6,61939
195,6,26,1,0
196,10,53,1,0
197,3,32,4,145913
198,1,12,4,145913
199,1,8,1,0
200,1,10,11,61818
201,2,25,6,61818
202,1,8,6,61818
203,4,23,6,61818
204,2,21,6,61818
205,3,89,6,61818
206,15,125,1,0
207,7,42,1,0
208,4,50,1,0
209,2,21,1,0
210,1,18,1,0
211,12,45,6,61591
212,3,26,6,61591
213,2,5,6,61591
214,1,16,6,61591
215,3,55,1,0
216,4,36,1,0
217,10,34,4,2994802
218,14,130,2,2992831
219,10,69,1,0
220,5,45,2,107
221,10,62,1,0
222,8,62,1,0
223,4,44,4,2992548
224,5,42,3,2992548
225,8,59,1,0
226,2,18,4,2994095
227,17,124,1,0
228,5,40,1,0
229,20,138,1,0
230,7,29,2,2995974
231,3,25,1,0
232,16,100,1,0
233,10,66,1,0
234,4,28,2,2995962
235,10,75,2,2995962
236,6,60,1,0
237,8,49,1,0
238,6,46,1,0
239,5,43,1,0
240,4,31,1,0
241,8,43,2,2995766
242,3,20,2,2995766
243,19,73,1,0
244,1,9,1,0
245,7,35,1,0
246,2,24,3,2991584
247,4,30,1,0
248,19,145,1,0
249,7,45,1,0
250,7,52,1,0
251,6,60,1,0
252,5,46,1,0
253,4,34,1,0
254,2,18,1,0
255,13,99,1,0
256,6,40,1,0
257,7,49,1,0
258,7,44,1,0
259,4,50,4,203560
260,2,24,53,4590866
261,1,8,218,4671297
262,1,9,1,0
263,9,45,1,0
264,1,17,2,2990721
265,3,30,3,2992405
266,8,81,2,2990721
267,6,47,3,2990721
268,11,73,1,0
269,5,34,1,0
270,5,34,1,0
271,4,32,2,2990661
272,10,66,1,0
273,5,34,1,0
274,5,34,1,0
275,4,32,2,2990649
276,18,112,1,0
277,20,110,2,277
278,12,69,2,2990658
279,18,93,1,0
280,22,104,2,2990652
281,10,46,2,2990652
282,1,23,3,2990652
283,9,85,2,2990652
284,7,56,1,0
285,11,50,2,210994
286,5,60,2,210994
287,6,65,1,0
288,5,32,1,0
289,8,48,1,0
290,7,45,1,0
291,1,7,1,0
292,5,27,1,0
293,20,73,1,0
294,4,34,1,0
295,11,49,2,210829
296,6,49,1,0
297,4,54,1,0
298,11,42,1,0
299,4,49,4,211043
300,10,116,1,0
301,26,123,1,0
302,9,108,1,0
303,21,168,1,0
304,17,62,1,0
305,9,47,1,0
306,5,30,1,0
307,8,50,1,0
308,1,18,2,2989214
309,13,79,1,0
310,16,66,1,0
311,2,38,1,0
312,1,5,141,4665526
313,1,7,141,4665526
314,5,34,1,0
315,2,33,1,0
316,6,43,1,0
317,3,17,83,4630114
318,6,39,83,4630114
319,2,11,179,4670189
320,5,32,179,4670189
321,4,25,179,4670189
322,4,26,179,4670189
323,3,27,179,4670189
324,4,37,86,4630114
325,9,51,86,4630114
326,1,8,86,4630114
327,9,42,86,4630114
328,6,38,256,4630724
329,8,34,3,138837
330,16,67,1,0
331,17,101,8,3894249
332,7,44,262,4630655
333,2,21,264,4630655
334,4,20,86,4630655
335,8,37,86,4630655
336,8,40,93,4630655
337,2,21,93,4630655
338,19,116,1,0
339,4,30,90,4630660
340,4,34,96,4672196
341,1,11,96,4672196
342,4,29,178,4672196
343,10,45,178,4672196
344,6,32,90,4672196
345,9,63,178,4672196
346,1,9,178,4672196
347,2,10,178,4672196
348,2,12,178,4672196
349,2,17,178,4672196
350,3,35,178,4672196
351,1,8,178,4672196
352,5,46,178,4672196
353,2,7,175,4672196
354,3,19,92,4672196
355,2,23,178,4672196
356,7,31,3,138800
357,2,11,3,138800
358,1,9,3,138800
359,13,58,3,138800
360,23,156,1,0
361,8,34,3,138809
362,5,27,3,138809
363,29,111,1,0
364,2,11,1,0
365,7,39,1,0
366,6,39,1,0
367,1,6,3,138644
368,4,32,1,0
369,1,6,10,138644
370,5,35,1,0
371,5,27,2,28668
372,5,25,2,28668
373,16,92,2,28668
374,1,16,2,28668
375,3,10,4,28694
376,1,16,2,28668
377,3,29,2,28668
378,3,31,2,28668
379,7,62,2,28668
380,19,122,17,4634849
381,22,77,17,4634849
382,4,24,146,4651713
383,11,57,147,4651713
384,2,9,149,4651713
385,10,81,147,4651713
386,4,34,149,4651713
387,89,348,2,28585
388,3,18,153,4651521
389,1,18,149,4651521
390,3,17,147,4651521
391,20,63,147,4651521
392,3,43,147,4651521
393,3,24,121,4634657
394,5,54,2,28585
395,2,16,2,28585
396,8,64,2,28585
397,7,25,4,130297
398,1,15,4,130297
399,4,46,2,28585
400,5,26,2,28585
401,7,59,2,28585
402,7,25,15,87615
403,7,20,49,87496
404,1,12,82,130356
405,8,61,2,28585
406,7,23,57,130241
407,10,65,2,28585
408,8,24,13,87377
409,8,61,2,28585
410,8,61,2,28585
411,8,61,2,28585
412,8,61,2,28585
413,8,61,2,28585
414,8,61,2,28585
415,8,61,2,28585
416,8,61,2,28585
417,8,61,2,28585
418,8,61,2,28585
419,8,61,2,28585
420,8,61,2,28585
421,8,61,2,28585
422,8,61,2,28585
423,5,21,2,28585
424,9,64,2,28585
425,6,27,2,28585
426,7,58,2,28585
427,7,24,4,34224
428,6,19,5,128198
429,5,27,2,28585
430,20,73,2,28585
431,3,25,2,28585
432,3,19,2,28585
433,8,63,2,28585
434,8,61,2,28585
435,8,61,2,28585
436,8,61,2,28585
437,10,66,2,28585
438,8,72,2,28585
439,7,23,2,28585
440,5,18,2,28585
441,1,12,2,28585
442,9,60,2,28585
443,7,24,6,29834
444,8,59,2,28585
445,5,28,2,28585
446,5,23,2,28585
447,3,22,2,28585
448,1,10,2,28585
449,7,52,2,28585
450,10,71,2,28585
451,7,22,2,28585
452,1,10,2,28585
453,24,93,2,28585
454,1,4,2,28585
455,3,68,2,28585
456,2,17,2,28585
457,7,56,2,28585
458,7,22,12,31836
459,1,10,12,31836
460,2,61,2,28585
461,6,38,2,28585
462,9,67,2,28585
463,8,17,10,32084
464,3,19,2,28585
465,7,29,2,28585
466,6,26,2,28585
467,8,62,2,28585
468,7,32,2,28585
469,7,23,2,28585
470,9,41,2,28585
471,8,59,2,28585
472,8,64,2,28585
473,10,69,2,28585
474,2,8,4,28994
475,8,64,2,28585
476,35,179,2,28585
477,11,74,2,28585
478,9,88,2,28585
479,3,33,2,28585
480,2,17,2,28585
481,7,60,2,28585
482,5,18,5,124894
483,8,59,2,28585
484,22,78,2,28585
485,2,32,2,28585
486,2,16,2,28585
487,2,16,2,28585
488,2,18,2,28585
489,2,16,2,28585
490,2,38,2,28585
491,8,114,2,28585
492,5,34,2,28585
493,20,65,2,28585
494,21,67,2,28585
495,4,47,2,28585
496,41,339,2,28585
497,40,322,2,28585
498,10,71,2,28585
499,7,17,2,28585
500,2,23,2,28585
501,7,56,2,28585
502,14,53,2,28585
503,7,56,2,28585
504,7,33,2,28585
505,17,103,2,28585
506,1,10,8,41624
507,2,12,7,38971
508,2,15,146,4654634
509,7,60,2,28585
510,4,24,2,28585
511,1,12,2,28585
512,12,84,2,28585
513,7,38,2,28585
514,7,29,2,28585
515,7,58,2,28585
516,7,29,2,28585
517,7,58,2,28585
518,4,33,2,28585
519,2,21,2,28585
520,14,76,2,28585
521,4,32,4,122528
522,18,100,2,28585
523,10,81,2,28585
524,57,220,3,31347
525,3,16,2,28585
526,28,253,2,28585
527,5,26,2,28585
528,16,121,2,28585
529,1,11,221,4634950
530,1,8,220,4634950
531,4,51,2,28585
532,3,33,2,28585
533,1,11,2,28585
534,5,41,4,121536
535,11,51,4,121536
536,22,151,7,121536
537,1,17,219,4634593
538,11,93,6,121536
539,1,12,73,4634593
540,1,12,7,121536
541,11,115,4,121536
542,3,27,118,4651591
543,1,11,4,121536
544,5,22,4,121536
545,3,18,4,121536
546,3,18,4,121536
547,2,14,2,28585
548,3,11,44,36891
549,3,24,2,28585
550,3,30,2,28585
551,5,21,2,28585
552,2,18,2,28585
553,2,17,2,28585
554,4,25,2,28585
555,3,22,2,28585
556,3,34,2,28585
557,18,133,1,0
558,32,116,103,4589865
559,33,124,5,119373
560,5,45,1,0
561,4,19,1,0
562,3,42,1,0
563,4,32,1,0
564,8,33,1,0
565,8,25,1,0
566,2,22,1,0
567,13,106,1,0
568,9,37,4,32057
569,17,107,4,32057
570,1,13,4,32057
571,9,48,4,32057
572,3,20,4,32057
573,6,28,4,32057
574,5,15,4,32057
575,11,69,4,32057
576,8,57,1,0
577,8,67,1,0
578,1,8,13,122404
579,4,21,4,122404
580,9,52,1,0
581,4,21,1,0
582,21,86,4,32663
583,1,13,4,32663
584,6,84,4,32663
585,2,19,4,32663
586,19,120,4,32663
587,5,37,4,32663
588,10,79,4,32663
589,1,14,4,32663
590,9,46,4,32663
591,4,14,4,32663
592,7,77,1,0
593,3,20,6,2963549
594,7,36,5,35660
595,9,44,5,35660
596,5,38,4,32686
597,6,37,5,35656
598,5,22,1,0
599,10,53,1,0
600,1,10,1,0
601,2,10,5,35539
602,3,29,5,35539
603,6,53,4,32569
604,3,14,6,2973714
605,2,32,1,0
606,2,9,4,31413
607,3,21,3,11963
608,6,30,2,32546
609,6,35,4,32546
610,21,112,1,0
611,2,22,143,4643189
612,2,20,1,0
613,1,17,1,0
614,4,24,1,0
615,7,30,2,24862
616,5,22,2,24862
617,2,18,1,0
618,2,18,2,24909
619,2,17,2,24909
620,6,35,2,24909
621,2,25,2,24909
622,2,18,2,24909
623,5,34,2,24909
624,2,20,1,0
625,4,38,2,32364
626,2,17,2,32364
627,2,19,2,32364
628,21,155,1,0
629,13,113,2,6283
630,9,58,2,6283
631,1,14,2,6283
632,5,36,2,6283
633,5,67,2,6283
634,7,23,2,6283
635,7,23,2,6283
636,2,15,2,6283
637,6,37,2,6283
638,14,55,2,6283
639,14,63,2,6283
640,1,22,3,25514
641,12,89,2,6283
642,9,42,3,25514
643,25,102,3,25514
644,4,24,3,25514
645,7,93,3,25514
646,1,14,3,25514
647,1,14,3,25514
648,14,46,3,25514
649,1,20,3,25514
650,4,23,3,25514
651,5,57,3,25514
652,27,100,4,31233
653,2,23,3,25514
654,4,40,3,25514
655,11,68,3,25514
656,6,52,2,6283
657,1,12,3,25605
658,15,92,3,25605
659,1,13,3,25605
660,1,14,3,25605
661,10,111,2,6283
662,1,11,4,44726
663,2,50,2,6283
664,5,49,2,6283
665,3,80,2,6283
666,11,72,3,25341
667,4,25,3,25341
668,15,94,3,25341
669,37,230,2,6283
670,1,7,5,2967039
671,2,6,3,25733
672,7,45,3,25733
673,2,33,3,25733
674,3,9,3,25733
675,4,10,3,25733
676,4,22,3,25733
677,2,19,3,25733
678,1,10,3,25733
679,5,42,3,25733
680,5,46,3,25733
681,15,117,3,25733
682,3,27,4,37895
683,2,17,6,38598
684,17,76,1,0
685,1,8,3,25793
686,1,12,3,25793
687,7,44,4,37838
688,4,27,4,37838
689,9,53,3,25793
690,6,25,3,25793
691,1,17,4,28782
692,7,68,3,28752
693,2,12,4,28748
694,7,54,2,6343
695,9,58,3,25793
696,5,44,2,6343
697,2,27,3,25884
698,2,18,3,25884
699,2,20,3,25884
700,2,18,2,6343
701,5,52,2,6343
702,2,23,2,6343
703,12,100,1,0
704,15,62,2,19450
705,11,58,3,31590
706,3,16,3,31590
707,18,107,1,0
708,3,25,1,0
709,1,12,1,0
710,2,25,2,19530
711,3,14,2,19530
712,1,11,2,19530
713,4,34,1,0
714,9,31,1,0
715,5,35,1,0
716,5,24,1,0
717,4,33,1,0
718,4,27,1,0
719,6,29,1,0
720,30,254,1,0
721,3,25,1,0
722,9,46,1,0
723,3,24,1,0
724,26,167,1,0
725,1,12,1,0
726,4,42,1,0
727,5,58,1,0
728,4,41,1,0
729,2,27,1,0
730,5,36,1,0
731,1,29,1,0
732,6,36,1,0
733,11,50,1,0
734,13,52,1,0
735,9,146,1,0
736,2,50,1,0
737,14,68,1,0
738,12,89,1,0
739,18,106,1,0
740,3,37,1,0
741,5,28,1,0
742,13,43,1,0
743,8,69,1,0
744,7,21,1,0
745,10,46,1,0
746,1,9,1,0
747,5,15,1,0
748,8,42,1,0
749,5,23,1,0
750,3,20,1,0
751,3,24,1,0
752,12,54,1,0
753,37,228,1,0
754,9,74,1,0
755,2,39,1,0
756,17,98,1,0
757,2,18,1,0
758,6,50,1,0
759,1,12,1,0
760,4,27,1,0
761,1,10,1,0
762,5,28,1,0
763,2,17,1,0
764,7,69,1,0
765,2,10,3,92818
766,5,34,3,92818
767,1,5,3,92818
768,1,7,1,0
769,4,30,1,0
770,4,32,1,0
771,31,114,1,0
772,3,43,1,0
773,3,37,1,0
774,6,50,1,0
775,6,24,1,0
776,19,101,1,0
777,4,34,1,0
778,1,18,1,0
779,10,68,1,0
780,5,32,1,0
781,7,62,1,0
782,6,33,1,0
783,7,49,1,0
784,6,79,1,0
785,1,16,1,0
786,7,45,1,0
787,3,7,1,0
788,4,34,1,0
789,11,64,1,0
790,5,34,1,0
791,3,34,1,0
792,15,96,1,0
793,23,146,1,0
794,1,16,1,0
795,3,27,1,0
796,8,71,1,0
797,4,23,1,0
798,6,30,3,90145
799,1,7,92,4535695
800,10,65,3,90145
801,1,14,3,90145
802,16,84,2,90145
803,5,27,3,90145
804,8,43,3,90145
805,2,15,3,90145
806,7,37,3,90145
807,6,52,93,4617033
808,3,37,98,4617033
809,9,45,3,90145
810,6,68,92,4617038
811,11,67,6,3839000
812,4,20,95,4617035
813,4,37,5,90145
814,3,20,5,90145
815,17,104,87,4617110
816,14,77,260,4618166
817,6,31,92,4617110
818,5,32,92,4617110
819,8,53,92,4617110
820,6,32,92,4617110
821,5,26,92,4617110
822,6,30,6,3839075
823,2,15,6,3839075
824,13,68,4,90145
825,1,18,92,4618150
826,1,12,92,4618150
827,13,63,4,90145
828,10,44,6,3840171
829,8,40,5,3840171
830,3,26,264,4618448
831,2,16,264,4618448
832,6,37,6,3840171
833,13,50,1,0
834,9,37,6,3840148
835,22,131,3,84704
836,24,154,1,0
837,4,34,1,0
838,23,152,1,0
839,4,35,3,142371
840,6,47,3,142371
841,8,43,2,142371
842,1,9,2,86685
843,1,11,2,86685
844,2,14,1,0
845,1,10,1,0
846,16,80,1,0
847,7,31,3,3823592
848,7,33,3,3823592
849,3,15,90,4573338
850,4,19,1,0
851,4,18,2,79157
852,5,13,2,79157
853,1,13,2,79157
854,2,5,1,0
855,4,82,1,0
856,3,52,141,4601659
857,11,106,116,4601659
858,6,49,4,78200
859,9,75,2,77454
860,15,117,1,0
861,11,40,1,0
862,22,151,1,0
863,3,30,1,0
864,1,12,1,0
865,8,51,1,0
866,5,29,2,76958
867,11,44,2,76958
868,16,104,1,0
869,3,28,1,0
870,1,9,3,76863
871,5,41,1,0
872,18,157,1,0
873,20,60,1,0
874,3,43,1,0
875,4,31,1,0
876,7,47,1,0
877,6,31,1,0
878,8,23,1,0
879,5,31,1,0
880,17,97,1,0
881,17,115,1,0
882,10,89,1,0
883,3,43,1,0
884,8,47,1,0
885,9,42,1,0
886,3,28,1,0
887,3,30,1,0
888,8,53,1,0
889,3,18,2,75846
890,17,105,1,0
891,17,82,1,0
892,2,28,140,4600924
893,9,36,1,0
894,5,27,1,0
895,8,37,1,0
896,17,108,1,0
897,29,162,1,0
898,10,44,1,0
899,6,22,1,0
900,10,58,1,0
901,28,179,1,0
902,10,47,1,0
903,16,104,1,0
904,4,30,1,0
905,2,20,140,4599011
906,4,22,557,4599931
907,8,37,1,0
908,5,38,1,0
909,10,46,1,0
910,15,66,1,0
911,13,49,1,0
912,11,55,1,0
913,7,40,1,0
914,11,41,1,0
915,14,46,1,0
916,10,77,1,0
917,7,41,1,0
918,16,350,1,0
919,2,18,1,0
920,3,24,1,0
921,8,35,1,0
922,4,37,1,0
923,12,122,1,0
924,19,97,1,0
925,3,20,1,0
926,7,69,1,0
927,15,74,1,0
928,6,38,1,0
929,5,43,1,0
930,4,44,1,0
931,3,32,1,0
932,6,36,1,0
933,5,52,1,0
934,5,58,1,0
935,4,24,1,0
936,8,59,1,0
937,4,25,1,0
938,1,13,1,0
939,4,26,1,0
940,2,33,1,0
941,1,8,1,0
942,10,49,1,0
943,12,59,1,0
944,2,13,1,0
945,14,97,1,0
946,14,131,1,0
947,22,82,1,0
948,4,8,1,0
949,10,100,1,0
950,5,55,1,0
951,10,123,1,0
952,1,9,1,0
953,2,17,1,0
954,5,48,1,0
955,24,108,1,0
956,19,59,1,0
957,6,35,1,0
958,24,90,1,0
959,20,60,1,0
960,16,110,1,0
961,1,14,2,656
962,9,46,1,0
963,5,28,1,0
964,13,48,1,0
965,15,119,1,0
966,1,20,1,0
967,11,58,1,0
968,27,135,1,0
969,11,66,1,0
970,4,25,1,0
971,1,13,1,0
972,12,84,1,0
973,16,77,1,0
974,7,35,1,0
975,8,46,1,0
976,5,27,1,0
977,26,131,1,0
978,4,17,1,0
979,14,47,1,0
980,20,86,1,0
981,11,105,1,0
982,5,38,1,0
983,7,74,1,0
984,11,91,1,0
985,10,43,1,0
986,26,93,1,0
987,25,142,1,0
988,6,21,2,24948
989,3,23,3,25040
990,12,65,2,24948
991,2,4,61,27715
992,3,28,60,27715
993,9,52,59,27631
994,5,29,2,25531
995,3,21,2,25531
996,2,18,2,25531
997,34,127,1,0
998,8,152,1,0
999,6,70,1,0
1000,4,35,1,0
1001,3,13,1,0
1002,10,50,1,0
1003,5,23,1,0
1004,21,186,1,0
1005,14,64,2,59954
1006,4,8,2,59954
1007,2,31,1,0
1008,8,44,2,59952
1009,1,13,2,59952
1010,5,33,2,59952
1011,1,10,1,0
1012,12,82,1,0
1013,2,26,1,0
1014,1,14,2,24592
1015,5,52,1,0
1016,197,1000,1,0
1017,201,1000,18,17000
1018,91,416,1,0
1019,6,37,1,0
1020,5,29,1,0
1021,9,80,1,0
1022,14,111,1,0
1023,8,61,1,0
1024,9,84,1,0
1025,8,61,1,0
1026,9,62,1,0
1027,3,30,1,0
1028,16,96,1,0
1029,3,18,2,42711
1030,20,115,1,0
1031,11,62,1,0
1032,25,158,1,0
1033,3,28,1,0
1034,5,51,1,0
1035,224,1000,1,0
1036,223,1000,4,27000
1037,223,1000,4,27000
1038,223,1000,4,27000
1039,223,1000,4,27000
1040,223,1000,4,27000
1041,223,1000,4,27000
1042,223,1000,3,18000
1043,223,1000,3,18000
1044,223,1000,3,18000
1045,195,945,1,0
1046,2,29,1,0
1047,1,10,1,0
1048,3,11,1,0
1049,9,50,1,0
1050,3,34,1,0
1051,1,10,1,0
1052,2,17,1,0
1053,2,15,121,4515526
1054,1,14,2,4076
1055,4,29,1,0
1056,12,95,1,0
1057,1,18,1,0
1058,16,121,1,0
1059,9,56,1,0
1060,2,19,1,0
1061,3,13,1,0
1062,26,151,1,0
1063,15,115,1,0
1064,17,94,85,4495917
1065,4,38,2,2857060
1066,12,69,1,0
1067,5,26,1,0
1068,8,41,2,2857045
1069,4,28,1,0
1070,4,19,1,0
1071,1,11,1,0
1072,2,22,2,10019
1073,2,24,1,0
1074,9,66,1,0
1075,8,64,1,0
1076,9,77,1,0
1077,8,63,1,0
1078,16,100,1,0
1079,5,35,1,0
1080,3,21,1,0
1081,13,50,1,0
1082,2,15,1,0
1083,13,53,1,0
1084,13,76,1,0
1085,1,8,1,0
1086,11,93,1,0
1087,1,13,1,0
1088,1,15,1,0
1089,4,35,1,0
1090,1,10,1,0
1091,2,18,1,0
1092,2,19,1,0
1093,2,14,1,0
1094,2,21,1,0
1095,2,18,1,0
1096,2,21,1,0
1097,3,18,1,0
1098,15,80,1,0
1099,2,16,2,597
1100,8,33,1,0
1101,4,25,1,0
1102,3,21,143,4529689
1103,14,81,2,1625
1104,9,71,2,1625
1105,8,67,2,1625
1106,4,27,2,1625
1107,7,33,2,1625
1108,21,101,1,0
1109,8,33,1,0
1110,1,18,1,0
1111,11,90,2,1523
1112,7,41,2,1523
1113,4,22,2,1523
1114,7,59,1,0
1115,8,67,1,0
1116,8,50,1,0
1117,9,54,1,0
1118,17,104,1,0
1119,12,59,1,0
1120,6,31,1,0
1121,4,26,1,0
1122,12,59,1,0
1123,6,36,1,0
1124,2,15,1,0
1125,4,47,1,0
1126,5,28,1,0
1127,1,7,1,0
1128,4,19,1,0
1129,10,48,1,0
1130,11,50,89,4532319
1131,7,35,1,0
1132,25,165,1,0
1133,4,35,1,0
1134,4,32,1,0
1135,3,60,1,0
1136,10,76,1,0
1137,3,16,2,1787
1138,6,31,1,0
1139,1,7,1,0
1140,327,1000,1,0
1141,204,651,1,0
1142,10,82,1,0
1143,21,126,1,0
1144,11,55,1,0
1145,5,47,1,0
1146,1,25,1,0
1147,7,69,1,0
1148,1,7,1,0
1149,11,47,2,47
1150,10,53,1,0
1151,8,47,1,0
1152,7,31,258,4486104
1153,5,30,258,4486104
1154,17,102,2,394
1155,5,33,1,0
1156,23,136,1,0
1157,7,34,88,4485684
1158,6,31,86,4485684
1159,8,40,3,3735962
1160,2,13,3,3735962
1161,6,25,3,3735962
1162,3,21,3,3735962
1163,1,9,3,3735962
1164,3,18,3,3735962
1165,4,38,501,4520169
1166,4,36,490,4520169
1167,1,18,501,4520169
1168,7,36,501,4520169
1169,1,11,501,4520169
1170,1,10,501,4520169
1171,5,36,88,4486172
1172,10,42,88,4486172
1173,4,32,88,4486172
1174,15,77,87,4486172
1175,14,70,88,4486172
1176,5,33,6,3749789
1177,14,69,6,3749789
1178,1,11,6,3749789
1179,8,55,6,3749789
1180,8,59,6,3749789
1181,1,8,6,3749789
1182,1,10,6,3749789
1183,4,31,6,3749789
1184,2,10,88,4485927
1185,2,12,501,4519640
1186,261,1000,87,4485927
1187,55,173,2,89357
1188,5,48,3,3735998
1189,4,19,3,3735998
1190,2,3,3,3735998
1191,2,9,3,3735998
1192,3,9,3,3735998
1193,7,30,382,4520034
1194,3,15,382,4520034
1195,3,17,3,3735998
1196,3,18,3,3735998
1197,10,37,395,4519964
1198,2,8,395,4519964
1199,13,116,1,0
1200,4,18,3,3735920
1201,1,6,3,3735920
1202,4,19,3,3735920
1203,3,20,3,3735920
1204,2,14,3,3735920
1205,2,10,3,3735920
1206,2,11,3,3735920
1207,2,11,3,3735920
1208,4,34,3,3735920
1209,3,29,13,3738957
1210,16,142,1,0
1211,3,20,13,3739069
1212,5,28,13,3739069
1213,2,12,13,3739069
1214,1,5,13,3739069
1215,9,37,13,3739069
1216,11,44,3,3737654
1217,5,11,6,3738445
1218,3,7,13,3739038
1219,1,8,13,3739038
1220,4,30,3,3737654
1221,55,536,1,0
1222,11,45,3,3737542
1223,5,34,3,3737542
1224,65,634,1,0
1225,7,16,5,3737162
1226,3,8,5,3737162
1227,118,1000,1,0
1228,68,570,1,0
1229,3,12,3,3737239
1230,3,8,3,3737239
1231,2,7,3,3737239
1232,4,10,3,3737239
1233,8,31,3,3737239
1234,3,7,3,3737239
1235,9,72,3,3737239
1236,10,110,3,3737239
1237,4,29,501,4515429
1238,28,130,501,4515429
1239,4,63,501,4515429
1240,7,43,501,4515429
1241,1,9,501,4515429
1242,4,21,501,4515429
1243,6,35,501,4515429
1244,4,29,501,4515429
1245,2,10,501,4515429
1246,22,87,3,3737239
1247,3,27,3,3737239
1248,5,22,3,3737239
1249,13,72,3,3737239
1250,12,66,3,3737239
1251,2,30,3,3737239
1252,1,16,3,3737239
1253,12,96,3,3737239
1254,4,18,3,3737239
1255,6,68,3,3737239
1256,29,146,1,0
1257,22,97,2,3737210
1258,2,13,2,3737210
1259,2,25,2,3737210
1260,11,54,3,3737210
1261,6,51,90,4515245
1262,5,53,90,4515245
1263,1,12,90,4515245
1264,2,16,90,4515245
1265,13,57,2,3737210
1266,18,109,2,3737210
1267,18,113,4,3737642
1268,2,14,181,4515484
1269,9,75,6,3737642
1270,18,118,2,3737210
1271,10,76,2,3737210
1272,16,76,2,3737210
1273,2,16,7,3737298
1274,6,35,4,3737298
1275,8,37,2,3737210
1276,5,24,2,3737210
1277,22,135,2,3737210
1278,10,60,88,4515116
1279,1,12,88,4515116
1280,3,19,86,4473593
1281,1,10,86,4473593
1282,7,47,86,4473593
1283,12,77,328,4511183
1284,5,29,328,4511183
1285,4,21,328,4511183
1286,13,63,236,4473593
1287,2,24,354,4511182
1288,4,25,328,4511182
1289,1,12,328,4511182
1290,1,10,328,4511182
1291,19,73,236,4473593
1292,11,63,234,4473593
1293,3,27,238,4473593
1294,3,26,236,4473593
1295,5,28,236,4473593
1296,3,21,236,4473593
1297,3,20,236,4473593
1298,2,19,236,4473593
1299,105,323,6,2756018
1300,6,50,236,4473276
1301,1,6,236,4473276
1302,37,161,236,4473276
1303,2,5,236,4473276
1304,4,22,236,4473276
1305,9,43,236,4473276
1306,2,7,236,4473276
1307,6,42,236,4473276
1308,2,4,236,4473276
1309,3,22,236,4473276
1310,4,18,236,4473276
1311,17,97,236,4473276
1312,9,29,236,4473276
1313,16,66,211,4473276
1314,2,6,236,4473276
1315,5,29,236,4473276
1316,10,109,236,4473276
1317,12,91,236,4473276
1318,3,14,236,4473276
1319,7,44,236,4473276
1320,19,89,236,4473276
1321,1,9,236,4473276
1322,1,10,236,4473276
1323,7,55,236,4473276
1324,2,19,236,4473276
1325,4,29,236,4473276
1326,12,44,236,4473276
1327,5,23,236,4473276
1328,2,24,236,4473276
1329,11,101,236,4473276
1330,1,12,262,4490897
1331,25,159,236,4473276
1332,8,56,244,4473276
1333,3,20,270,4492158
1334,13,84,270,4492158
1335,1,7,270,4492158
1336,9,65,270,4492158
1337,16,62,102,4393408
1338,3,26,244,4473355
1339,1,10,244,4473355
1340,6,37,5,1465
1341,15,61,51,4410792
1342,15,61,52,4438573
1343,15,61,26,4453268
1344,3,23,239,4471524
1345,1,13,239,4471524
1346,8,44,239,4471524
1347,1,18,418,4497864
1348,2,25,239,4471524
1349,6,37,239,4471524
1350,17,100,236,4471524
1351,1,11,236,4471524
1352,8,50,239,4471524
1353,3,37,239,4471524
1354,26,138,113,4471524
1355,41,156,136,4488471
1356,14,139,113,4471607
1357,4,43,139,4489802
1358,11,125,139,4489802
1359,14,67,139,4489802
1360,12,59,139,4489802
1361,3,22,139,4489802
1362,1,5,139,4489802
1363,2,47,139,4489802
1364,1,20,139,4489802
1365,10,62,113,4471607
1366,6,48,139,4489857
1367,2,22,318,4496034
1368,2,11,139,4489857
1369,6,43,139,4489857
1370,15,128,139,4489857
1371,7,45,139,4489857
1372,7,40,139,4489857
1373,3,14,1251,4494810
1374,12,101,139,4489857
1375,19,127,139,4489857
1376,15,316,139,4489857
1377,2,24,139,4489857
1378,32,176,139,4489857
1379,14,75,139,4489857
1380,28,171,138,4489857
1381,37,195,52,4471607
1382,11,69,66,4489873
1383,1,13,139,4489873
1384,3,33,139,4489873
1385,8,41,139,4489873
1386,1,10,139,4489873
1387,13,89,139,4489873
1388,7,41,139,4489873
1389,3,31,139,4489873
1390,22,211,139,4489873
1391,2,34,278,4492885
1392,2,19,139,4489873
1393,2,9,139,4489873
1394,6,73,139,4489873
1395,14,92,139,4489873
1396,7,41,139,4489873
1397,12,65,139,4489873
1398,1,12,278,4492751
1399,19,98,139,4489873
1400,39,238,113,4489873
1401,22,107,139,4489873
1402,5,23,139,4489873
1403,11,39,113,4471607
1404,2,14,139,4489878
1405,9,60,139,4489878
1406,5,29,139,4489878
1407,4,11,139,4489878
1408,3,29,113,4471607
1409,8,60,139,4489914
1410,23,132,139,4489914
1411,3,32,139,4489914
1412,3,33,139,4489914
1413,2,15,139,4489914
1414,1,11,139,4489914
1415,2,25,139,4489914
1416,6,27,139,4489914
1417,6,52,139,4489914
1418,15,89,139,4489914
1419,4,19,139,4489914
1420,3,74,140,4489914
1421,5,37,139,4489914
1422,37,253,139,4489914
1423,2,7,139,4489914
1424,18,144,139,4489914
1425,6,37,139,4489914
1426,4,29,139,4489914
1427,5,60,139,4489914
1428,1,8,139,4489914
1429,13,93,139,4489914
1430,3,20,139,4489914
1431,20,99,139,4489914
1432,2,7,139,4489914
1433,6,52,139,4489914
1434,4,35,139,4489914
1435,21,206,139,4489914
1436,13,95,139,4489914
1437,2,17,139,4489914
1438,11,61,139,4489914
1439,10,44,139,4489914
1440,11,91,139,4489914
1441,3,7,139,4489914
1442,20,196,139,4489914
1443,19,89,139,4489914
1444,11,85,139,4489914
1445,3,27,139,4489914
1446,6,30,139,4489914
1447,6,52,139,4489914
1448,1,8,139,4489914
1449,4,63,139,4489914
1450,15,82,1,0
1451,8,44,179,4489913
1452,9,58,179,4489913
1453,8,27,65,4471603
1454,6,39,65,4471603
1455,11,40,179,4489904
1456,17,108,52,4409686
1457,12,113,77,4471600
1458,6,68,77,4471600
1459,5,32,145,4472487
1460,6,26,53,4409686
1461,12,46,145,4472484
1462,15,67,1,0
1463,12,55,130,4471568
1464,34,198,120,4471568
1465,8,59,240,4471796
1466,2,15,120,4471568
1467,21,118,120,4471568
1468,1,12,145,4471568
1469,1,7,210,4473175
1470,13,103,66,4471568
1471,7,71,68,4471568
1472,5,23,66,4470681
1473,9,42,1,0
1474,11,69,15,4471561
1475,1,10,15,4471561
1476,8,35,15,4471561
1477,14,55,1,0
1478,8,38,65,4468824
1479,5,23,26,4468824
1480,6,35,26,4468824
1481,6,48,26,4468388
1482,19,114,1,0
1483,9,51,42,4263897
1484,5,34,66,4468387
1485,2,27,77,4468387
1486,7,39,77,4468387
1487,5,35,75,4468387
1488,15,53,26,4468387
1489,10,45,26,4468387
1490,5,26,26,4468387
1491,6,46,14,4468387
1492,11,90,1,0
1493,5,19,77,4468379
1494,3,28,77,4468379
1495,5,45,77,4468379
1496,4,20,77,4468379
1497,3,27,77,4468379
1498,9,43,65,4468379
1499,5,20,65,4468379
1500,22,151,65,4468379
1501,11,93,65,4468379
1502,5,29,65,4468379
1503,3,23,65,4468379
1504,1,13,179,4485741
1505,5,32,91,4485741
1506,3,26,139,4485741
1507,2,22,139,4485741
1508,1,10,139,4485741
1509,2,19,139,4485741
1510,1,10,139,4485741
1511,3,19,139,4485741
1512,2,16,139,4485741
1513,1,9,139,4485741
1514,7,52,139,4485741
1515,11,95,139,4485741
1516,6,64,140,4485741
1517,2,11,139,4485741
1518,2,27,139,4485741
1519,1,14,139,4485741
1520,1,10,139,4485741
1521,2,21,139,4485741
1522,1,16,139,4485741
1523,1,10,139,4485741
1524,4,33,113,4468379
1525,1,12,113,4468379
1526,1,8,113,4468379
1527,1,10,113,4468379
1528,1,10,236,4468379
1529,2,25,236,4468379
1530,5,29,148,4468379
1531,3,22,262,4486528
1532,8,61,262,4486528
1533,1,12,262,4486528
1534,11,53,236,4468379
1535,3,22,236,4468379
1536,3,21,236,4468379
1537,2,25,236,4468379
1538,8,43,236,4468379
1539,5,26,236,4468379
1540,3,19,236,4468379
1541,1,8,236,4468379
1542,5,38,11,4324130
1543,10,35,11,4324130
1544,10,34,11,4324130
1545,8,45,11,4324130
1546,12,62,11,4324130
1547,14,1000,11,4324130
1548,2,81,11,4324130
1549,18,171,22,4325461
1550,5,22,11,4324130
1551,10,34,11,4324130
1552,2,20,11,4324130
1553,1,14,11,4324130
1554,15,1000,11,4324130
1555,2,70,11,4324130
1556,12,39,11,4324130
1557,3,18,11,4324130
1558,2,26,11,4324130
1559,2,14,413,4483618
1560,291,1000,139,4483618
1561,85,263,10,3494182
1562,6,50,236,4465655
1563,1,5,236,4465655
1564,3,10,236,4465655
1565,2,10,236,4465655
1566,6,36,236,4465655
1567,7,14,236,4465655
1568,12,86,39,4465655
1569,8,61,26,4465655
1570,2,10,26,4465655
1571,2,8,26,4465655
1572,20,91,26,4465655
1573,5,15,26,4465655
1574,3,29,26,4465655
1575,9,16,26,4465655
1576,24,98,13,4270634
1577,10,68,26,4466632
1578,3,27,26,4466632
1579,3,16,13,4270634
1580,5,34,13,4270634
1581,4,17,13,4270634
1582,16,54,16,4270634
1583,15,62,16,4270634
1584,4,14,23,4466591
1585,3,10,26,4466591
1586,2,8,26,4466591
1587,2,6,26,4466591
1588,5,29,26,4466591
1589,10,109,26,4466591
1590,5,41,26,4466591
1591,12,43,26,4466591
1592,13,86,26,4466591
1593,1,7,262,4483449
1594,4,25,26,4466591
1595,6,44,26,4466591
1596,13,48,26,4466591
1597,13,47,26,4466591
1598,12,52,26,4466591
1599,15,52,26,4466591
1600,7,46,26,4466591
1601,16,125,26,4466591
1602,3,16,26,4466591
1603,19,51,23,4466591
1604,6,33,23,4466591
1605,16,85,23,4466591
1606,1,14,26,4466591
1607,3,22,26,4466591
1608,7,57,26,4466591
1609,3,30,26,4466591
1610,2,7,26,4466591
1611,9,87,26,4466591
1612,5,37,26,4466591
1613,10,60,26,4466591
1614,8,49,26,4466591
1615,6,34,26,4466591
1616,8,64,26,4466591
1617,2,23,26,4466591
1618,5,30,26,4466591
1619,7,26,26,4466591
1620,11,86,26,4466591
1621,33,124,26,4466591
1622,4,29,26,4466591
1623,6,44,26,4466591
1624,2,24,26,4466591
1625,7,65,26,4466591
1626,8,42,26,4466591
1627,10,66,26,4466591
1628,2,13,26,4466591
1629,9,49,26,4466591
1630,11,67,26,4466591
1631,26,91,26,4466591
1632,15,53,13,4270634
1633,5,41,26,4466592
1634,14,98,26,4466592
1635,16,97,26,4466592
1636,7,66,26,4466592
1637,21,117,26,4466592
1638,20,154,26,4466592
1639,2,61,26,4466592
1640,1,8,26,4466592
1641,10,81,26,4466592
1642,8,30,26,4466592
1643,3,25,26,4466592
1644,6,62,26,4466592
1645,41,211,14,4466592
1646,14,44,26,4466592
1647,8,53,26,4466592
1648,1,12,26,4466592
1649,13,81,26,4466592
1650,12,57,14,4466592
1651,12,62,92,4466592
1652,20,107,14,4466592
1653,7,45,101,4466592
1654,9,49,14,4466592
1655,9,75,14,4466592
1656,7,62,102,4466592
1657,15,80,1,0
1658,15,49,102,4466590
1659,14,112,114,4466590
1660,7,61,26,4466590
1661,7,50,26,4466590
1662,4,56,26,4466590
1663,7,53,26,4466590
1664,5,55,27,4466590
1665,3,22,27,4466590
1666,2,20,27,4466590
1667,5,36,27,4466590
1668,5,47,27,4466590
1669,2,20,27,4466590
1670,1,11,27,4466590
1671,1,11,27,4466590
1672,1,9,26,4466590
1673,1,7,26,4466590
1674,1,10,26,4466590
1675,1,14,26,4466590
1676,3,12,26,4466590
1677,1,9,26,4466590
1678,1,10,26,4466590
1679,8,31,114,4466590
1680,1,12,114,4466590
1681,2,12,114,4466590
1682,1,10,114,4466590
1683,3,23,102,4466590
1684,5,29,102,4466590
1685,26,156,1,0
1686,4,21,1,0
1687,1,11,114,4466345
1688,2,13,114,4466345
1689,3,20,102,4466345
1690,12,58,26,4466345
1691,8,41,26,4466345
1692,2,17,26,4466345
1693,4,45,26,4466345
1694,2,26,26,4466345
1695,7,60,26,4466345
1696,1,13,26,4466345
1697,25,156,2,2681471
1698,5,39,54,4385981
1699,10,59,52,4385981
1700,5,46,54,4385981
1701,10,68,3,2681471
1702,3,25,5,2730961
1703,2,13,216,4466464
1704,1,12,26,4466060
1705,5,35,26,4466060
1706,1,12,26,4466060
1707,7,44,26,4466060
1708,24,118,26,4466060
1709,5,25,26,4466060
1710,2,23,26,4466060
1711,5,30,26,4466060
1712,11,84,26,4466060
1713,1,13,77,4466060
1714,1,22,26,4466060
1715,2,15,26,4466060
1716,1,15,26,4466060
1717,3,27,26,4466060
1718,5,29,26,4466060
1719,1,10,26,4466060
1720,1,10,26,4466060
1721,4,26,26,4466060
1722,4,28,26,4466060
1723,2,22,26,4466060
1724,4,26,26,4466060
1725,3,20,26,4466060
1726,1,9,26,4466060
1727,165,503,2,2497456
1728,6,50,26,4465982
1729,1,5,26,4465982
1730,3,9,26,4465982
1731,2,10,26,4465982
1732,18,66,23,4465982
1733,2,10,26,4465982
1734,1,5,26,4465982
1735,3,6,26,4465982
1736,2,15,26,4465982
1737,6,17,26,4465982
1738,5,31,26,4465982
1739,16,55,26,4465982
1740,12,36,26,4465982
1741,3,17,26,4465982
1742,6,33,236,4465982
1743,3,16,236,4465982
1744,9,32,236,4465982
1745,14,35,236,4465982
1746,8,36,236,4465982
1747,3,10,236,4465982
1748,6,34,236,4465982
1749,10,112,236,4465982
1750,6,52,236,4465982
1751,7,52,236,4465982
1752,15,88,236,4465982
1753,10,67,236,4465982
1754,13,62,92,4465982
1755,9,54,90,4465982
1756,2,22,90,4465982
1757,3,26,92,4465982
1758,17,87,86,4465982
1759,16,81,86,4465982
1760,11,53,85,4465982
1761,11,64,86,4465982
1762,6,26,258,4467038
1763,3,19,258,4467038
1764,14,91,172,4466510
1765,17,105,162,4466510
1766,12,50,2,3761990
1767,19,128,172,4466493
1768,6,33,170,4465965
1769,11,79,7,4272141
1770,17,104,1,0
1771,3,23,1,0
1772,5,51,1,0
1773,8,58,1,0
1774,7,51,1,0
1775,17,97,1,0
1776,19,100,2,250
1777,13,59,254,4421882
1778,13,67,1,0
1779,19,86,1,0
1780,17,81,1,0
1781,10,41,1,0
1782,5,34,1,0
1783,7,58,1,0
1784,9,52,1,0
1785,21,75,1,0
1786,5,39,1,0
1787,14,67,1,0
1788,5,96,1,0
1789,9,51,1,0
1790,22,96,1,0
1791,11,119,1,0
1792,22,141,1,0
1793,14,50,1,0
1794,7,39,1,0
1795,3,24,1,0
1796,10,49,1,0
1797,14,65,1,0
1798,6,30,86,4463512
1799,3,20,86,4463512
1800,3,21,86,4463512
1801,2,20,86,4463512
1802,5,21,86,4463512
1803,5,35,86,4463512
1804,5,29,172,4463583
1805,2,10,86,4463512
1806,1,9,86,4463512
1807,2,17,86,4463512
1808,18,112,86,4463512
1809,2,10,83,4463512
1810,2,16,83,4463512
1811,4,49,42,4463512
1812,7,36,83,4463512
1813,1,15,83,4463512
1814,5,35,83,4463512
1815,4,25,83,4463512
1816,1,7,83,4463512
1817,3,24,83,4463512
1818,3,6,83,4463512
1819,2,19,83,4463512
1820,5,26,83,4463512
1821,9,54,83,4463512
1822,8,51,83,4463512
1823,3,19,83,4463512
1824,2,16,83,4463512
1825,3,17,83,4463512
1826,9,62,83,4463512
1827,2,17,83,4463512
1828,1,12,83,4463512
1829,1,6,83,4463512
1830,3,11,82,4416178
1831,12,97,82,4416178
1832,2,20,83,4416178
1833,17,95,168,4416314
1834,8,48,85,4415763
1835,5,39,84,4415763
1836,8,57,2,3662983
1837,8,60,86,4415398
1838,9,53,83,4415398
1839,1,13,83,4415398
1840,2,30,82,4415398
1841,4,15,82,4415398
1842,4,29,82,4415398
1843,2,23,82,4415398
1844,1,8,82,4415398
1845,2,8,82,4415398
1846,1,12,82,4415398
1847,4,13,82,4415398
1848,6,46,82,4415398
1849,10,73,170,4415703
1850,10,44,170,4415703
1851,10,72,84,4415398
1852,20,121,85,4415398
1853,63,197,1,0
1854,22,194,1,0
1855,33,314,2,2016
1856,16,87,2,3665453
1857,2,6,2,3665453
1858,3,15,2,3665453
1859,5,43,2,3665453
1860,2,7,2,3665453
1861,4,10,2,3665453
1862,5,34,2,3665453
1863,37,352,2,1814
1864,5,34,2,3665355
1865,9,72,1,0
1866,118,1000,2,3665771
1867,59,491,1,0
1868,31,153,1,0
1869,1,13,2,2757073
1870,2,25,1,0
1871,8,52,79,4444155
1872,17,102,52,2743027
1873,9,60,14,711547
1874,5,50,41,4396814
1875,305,1000,1,0
1876,15,67,25,4250251
1877,5,20,25,4250251
1878,20,77,117,4378450
1879,220,1000,110,4378450
1880,200,620,4,3124776
1881,3,23,197,4370846
1882,7,34,210,4378598
1883,9,26,210,4378598
1884,4,34,82,4378593
1885,2,12,82,4378593
1886,4,31,82,4378593
1887,121,371,6,2582363
1888,38,192,61,4316722
1889,11,68,73,4316722
1890,46,252,25,4253030
1891,17,157,25,4253030
1892,26,178,25,4253030
1893,13,103,25,4253030
1894,1,12,25,4253030
1895,10,55,25,4253030
1896,13,78,64,4378178
1897,8,40,51,4316261
1898,14,106,2,484893
1899,9,59,51,4316258
1900,11,92,4,456333
1901,5,36,2,484508
1902,11,44,51,4316272
1903,15,68,51,4316272
1904,3,21,51,4316272
1905,4,25,51,4316272
1906,18,132,51,4316272
1907,11,70,49,4316272
1908,4,51,49,4316272
1909,6,47,51,4316272
1910,10,88,4,456332
1911,11,94,88,4316264
1912,1,9,88,4316264
1913,7,32,88,4316264
1914,11,53,78,4316264
1915,19,106,78,4316264
1916,11,95,88,4316264
1917,13,78,97,4391907
1918,12,72,88,4316264
1919,21,118,90,4392588
1920,5,26,88,4316264
1921,4,28,88,4316264
1922,2,5,88,4316264
1923,123,377,6,3785601
1924,209,772,4,3806447
1925,186,578,5,3586046
1926,231,838,3,2653600
1927,9,83,48,4316191
1928,7,29,48,4316191
1929,11,61,48,4316191
1930,6,33,48,4316191
1931,101,311,7,3616041
1932,239,862,3,2845939
1933,208,644,5,3423928
1934,89,275,9,4295256
1935,19,112,47,4254492
1936,8,43,2,130390
1937,99,305,6,3138226
1938,247,886,6,3321787
1939,210,650,5,3990248
1940,18,101,1,0
1941,21,119,1,0
1942,219,802,11,4191123
1943,230,710,3,2349907
1944,5,25,13,4252785
1945,27,136,1,0
1946,16,105,25,4252856
1947,5,40,25,4252856
1948,8,36,25,4252856
1949,21,118,10,4252856
1950,10,82,25,4252851
1951,119,365,9,3838652
1952,27,111,13,4252869
1953,56,546,1,0
1954,2,13,13,4252887
1955,6,47,10,4252887
1956,5,21,10,4252887
1957,2,12,13,4252887
1958,1,7,13,4252887
1959,3,9,10,4252887
1960,4,13,10,4252887
1961,13,41,10,4252887
1962,3,21,10,4252887
1963,5,36,10,4252887
1964,2,15,10,4252887
1965,7,37,10,4252887
1966,3,11,10,4252887
1967,4,17,13,4252887
1968,15,62,10,4252887
1969,16,54,10,4252887
1970,18,108,24,4252887
1971,127,389,9,4175247
1972,69,215,2,2329454
1973,234,722,5,4101284
1974,15,94,5,4039869
1975,4,30,19,4041665
1976,4,30,19,4041665
1977,5,31,15,4041665
1978,4,29,15,4041665
1979,9,65,5,4039869
1980,12,69,15,4041663
1981,4,30,19,4041663
1982,4,30,19,4041663
1983,5,31,15,4041663
1984,4,29,15,4041663
1985,7,51,15,4041663
1986,15,95,10,4040766
1987,9,63,10,4040766
1988,9,80,47,4124113
1989,185,700,5,3070932
1990,244,752,4,1922352
1991,187,706,5,3953055
1992,196,608,9,3706503
1993,115,353,10,3859587
1994,22,80,6,3888833
1995,12,58,10,3888833
1996,26,146,10,3888833
1997,22,126,10,3888833
1998,280,1000,10,3888833
1999,57,180,1,0
2000,111,341,2,2154482
2001,195,730,6,4039301
2002,40,209,9,3888827
2003,11,40,12,3888827
2004,9,45,12,3888827
2005,8,71,12,3888827
2006,12,76,12,3888827
2007,6,41,12,3888827
2008,23,128,12,3888827
2009,7,53,11,3888827
2010,6,44,12,3888827
2011,5,29,12,3888827
2012,20,116,12,3888827
2013,5,19,12,3888827
2014,3,21,12,3888827
2015,125,383,12,4065742
2016,71,221,3,3684450
2017,232,716,4,3101513
2018,87,269,8,3942035
2019,199,742,3,3549648
2020,220,1000,3,2104112
2021,207,643,1,0
2022,79,245,11,3442699
2023,81,251,6,3962366
2024,207,766,5,3500661
2025,59,186,2,3241331
2026,245,880,6,3159018
2027,8,51,1,0
2028,51,162,1,0
2029,241,868,1,0
2030,236,728,3,3530598
2031,205,760,8,3021556
2032,27,142,1,0
2033,13,98,3,2107311
2034,57,552,1,0
2035,159,485,2,2649303
2036,14,86,3,2488357
2037,221,808,6,2680607
2038,193,724,4,2527204
2039,107,329,5,3696859
2040,217,796,4,3486085
2041,192,596,2,1762352
2042,194,602,4,2025113
2043,77,239,3,2689208
2044,129,395,5,1738384
2045,224,692,6,3605385
2046,14,91,2,1418361
2047,8,55,3,3379931
2048,237,856,9,3658892
2049,197,736,7,3477096
2050,206,638,4,580673
2051,7,50,69,3690556
2052,75,233,2,661021
2053,214,662,3,3029825
2054,135,413,4,3318230
2055,213,784,6,3386192
2056,239,739,1,0
2057,117,359,5,938507
2058,204,632,2,3411377
2059,25,126,1,0
2060,95,293,7,3451961
2061,43,414,1,0
2062,163,497,1,0
2063,240,740,5,1199450
2064,201,748,4,3415090
2065,215,790,2,1457009
2066,103,317,7,3256673
2067,233,844,2,543547
2068,37,120,1,0
2069,190,590,3,2017296
2070,73,227,1,0
2071,91,281,6,2222410
2072,133,407,1,0
2073,211,778,3,3064452
2074,203,754,3,1077214
2075,191,718,3,2324729
2076,15,64,1,0
2077,8,64,1,0
2078,145,443,1,0
2079,182,566,3,2863008
2080,19,122,3,2656632
2081,31,118,3,2656632
2082,97,299,5,2996633
2083,93,287,8,2914421
2084,223,814,4,2914382
2085,175,533,1,0
2086,242,746,4,2325763
2087,228,704,2,1468872
2088,188,584,2,1906051
2089,229,832,5,2153934
2090,23,102,1,0
2091,28,266,1,0
2092,151,461,2,1054464
2093,113,347,5,2219939
2094,218,674,3,2293532
2095,239,879,1,0
2096,13,106,3,1302849
2097,2,15,4,1958485
2098,2,27,3,1302849
2099,5,33,3,1302849
2100,198,614,3,893843
2101,243,874,3,1591354
2102,38,203,3,2127988
2103,225,820,5,1892671
2104,131,401,4,1690905
2105,227,826,4,2087978
2106,189,712,5,2418266
2107,235,850,3,986602
2108,23,89,1,0
2109,16,144,1,0
2110,216,668,6,1340179
2111,67,209,3,1666573
2112,25,84,1,0
2113,243,891,1,0
2114,171,521,1,0
2115,83,257,6,1909174
2116,9,46,24,2224555
2117,109,335,2,715672
2118,212,656,2,348725
2119,65,203,3,1506477
2120,16,117,1,0
2121,1,13,4,1115630
2122,45,144,1,0
2123,27,148,1,0
2124,67,652,2,18625
2125,8,58,3,1080579
2126,13,107,1,0
2127,2,6,3,1080575
2128,8,36,3,1080575
2129,8,24,2,1080575
2130,5,20,3,1080575
2131,3,11,3,1080575
2132,2,15,3,1080575
2133,7,39,3,1080575
2134,11,58,3,1080575
2135,3,23,3,1080575
2136,6,31,3,1080575
2137,5,31,3,1080575
2138,3,14,3,1080575
2139,4,18,3,1080575
2140,18,54,3,1080575
2141,8,38,3,1080575
2142,22,104,3,1080575
2143,15,50,3,1080575
2144,47,487,1,0
2145,15,117,3,1080484
2146,169,515,2,1780198
2147,8,48,3,1080442
2148,2,12,3,1080386
2149,3,8,3,1080386
2150,2,14,3,1080386
2151,12,38,3,1080386
2152,238,734,3,1798052
2153,14,75,2,563302
2154,7,32,2,563302
2155,193,601,1,0
2156,137,419,1,0
2157,14,99,1,0
2158,9,36,1,0
2159,12,93,1,0
2160,27,139,1,0
2161,57,556,2,19108
2162,16,103,2,732835
2163,7,21,1,0
2164,52,557,1,0
2165,28,166,1,0
2166,12,94,1,0
2167,18,117,1,0
2168,6,47,1,0
2169,4,22,1,0
2170,11,106,1,0
2171,8,62,1,0
2172,1,12,1,0
2173,4,51,1,0
2174,1,13,1,0
2175,1,11,1,0
2176,1,12,1,0
2177,12,64,1,0
2178,1,10,1,0
2179,4,21,1,0
2180,12,77,1,0
2181,17,104,1,0
2182,3,20,1,0
2183,8,36,3,978
2184,13,68,2,489
2185,17,105,2,489
2186,12,79,2,489
2187,5,39,1,0
2188,9,69,1,0
2189,6,32,1,0
2190,15,75,1,0
2191,4,51,1,0
2192,5,33,1,0
2193,5,34,1,0
2194,3,20,1,0
2195,6,55,1,0
2196,31,151,1,0
2197,5,40,1,0
2198,5,51,1,0
2199,12,51,1,0
2200,5,38,1,0
2201,10,34,1,0
2202,2,1000,1,0
2203,11,359,1,0
2204,6,22,1,0
2205,1,15,1,0
2206,1,16,1,0
2207,3,20,1,0
2208,8,39,1,0
2209,5,34,1,0
2210,3,29,1,0
2211,10,69,1,0
2212,4,30,1,0
2213,4,30,1,0
2214,9,62,1,0
2215,4,30,1,0
2216,4,30,1,0
2217,18,115,1,0
2218,20,113,2,283
2219,17,89,1,0
2220,9,55,1,0
2221,4,61,1,0
2222,6,35,1,0
2223,4,16,1,0
2224,1,11,1,0
2225,9,40,1,0
2226,10,82,1,0
2227,13,72,1,0
2228,14,74,1,0
2229,2,13,1,0
2230,14,90,1,0
2231,4,29,1,0
2232,14,96,1,0
2233,8,54,1,0
2234,3,33,1,0
2235,5,42,1,0
2236,15,112,1,0
2237,15,89,1,0
2238,3,22,1,0
2239,3,22,1,0
2240,10,54,1,0
2241,14,80,1,0
2242,11,42,1,0
2243,8,67,1,0
2244,1,9,1,0
2245,1,10,1,0
2246,4,25,1,0
2247,5,23,1,0
2248,8,34,1,0
2249,2,21,1,0
2250,1,8,1,0
2251,1,10,1,0
2252,3,20,1,0
2253,6,45,1,0
2254,5,35,1,0
2255,1,24,1,0
2256,1,5,1,0
2257,4,32,1,0
2258,5,52,1,0
2259,13,72,3,1091394
2260,18,110,3,1091394
2261,11,77,1,0
2262,220,680,2,1598325
2263,18,106,32,1645748
2264,7,51,1,0
2265,141,431,1,0
2266,27,145,1,0
2267,64,624,1,0
2268,139,425,2,1405156
2269,202,626,2,1192103
2270,29,146,1,0
2271,61,596,2,18432
2272,38,396,1,0
2273,155,473,1,0
2274,16,97,2,251466
2275,12,64,3,1605
2276,16,98,2,796
2277,8,45,1,0
2278,20,109,1,0
2279,7,34,3,400
2280,13,67,2,131
2281,10,42,1,0
2282,8,40,1,0
2283,2,7,1,0
2284,3,24,1,0
2285,269,971,1,0
2286,179,545,1,0
2287,184,572,1,0
2288,13,120,1,0
2289,4,38,1,0
2290,25,234,1,0
2291,27,254,2,2230
2292,49,476,1,0
2293,44,424,1,0
2294,77,647,1,0
2295,21,117,1,0
2296,29,149,1,0
2297,222,686,1,0
2298,61,592,1,0
2299,147,449,1,0
2300,14,74,1,0
2301,49,156,1,0
2302,23,86,1,0
2303,10,84,1,0
2304,14,92,1,0
2305,73,228,1,0
2306,81,252,1,0
2307,161,491,1,0
2308,42,249,1,0
2309,26,141,1,0
2310,58,564,1,0
2311,3,9,1,0
